,road_code,start_code,end_code,section,direction,is_holiday,is_dayoff,is_dayoff_yesterday,is_dayoff_tomorrow,year,month,day,hour,search_1h,search_unspec_1d,KP,start_KP,end_KP,limit_speed,OCC,allCars,speed,start_pref_code,end_pref_code,start_lat,end_lat,start_lng,end_lng,start_degree,end_degree,speed_allCars
0,1800,1110210,1800006,1110210_1800006,下り,0,0,0,0,2021,4,8,0,15.0,3448.0,3.9,0.0,9.4,100,2.083333333333333,510,80.71232876712328,13,11,35.75582,35.80615,139.6015138888889,139.5355111111111,4.0,2.0,41163.28767123287
1,1800,1110210,1800006,1110210_1800006,下り,0,0,0,0,2021,4,8,1,6.0,3448.0,3.9,0.0,9.4,100,1.5,433,81.73041474654377,13,11,35.75582,35.80615,139.6015138888889,139.5355111111111,4.0,2.0,35389.26958525345
2,1800,1110210,1800006,1110210_1800006,下り,0,0,0,0,2021,4,8,2,3.0,3448.0,3.9,0.0,9.4,100,1.3333333333333333,366,81.28882833787466,13,11,35.75582,35.80615,139.6015138888889,139.5355111111111,4.0,2.0,29751.711171662126
3,1800,1110210,1800006,1110210_1800006,下り,0,0,0,0,2021,4,8,3,26.0,3448.0,3.9,0.0,9.4,100,1.5,426,82.95316159250585,13,11,35.75582,35.80615,139.6015138888889,139.5355111111111,4.0,2.0,35338.04683840749
4,1800,1110210,1800006,1110210_1800006,下り,0,0,0,0,2021,4,8,4,31.0,3448.0,3.9,0.0,9.4,100,1.8333333333333333,498,82.4308617234469,13,11,35.75582,35.80615,139.6015138888889,139.5355111111111,4.0,2.0,41050.56913827655
5,1800,1110210,1800006,1110210_1800006,下り,0,0,0,0,2021,4,8,5,31.0,3448.0,3.9,0.0,9.4,100,3.9166666666666665,1283,86.40809968847353,13,11,35.75582,35.80615,139.6015138888889,139.5355111111111,4.0,2.0,110861.59190031154
6,1800,1110210,1800006,1110210_1800006,下り,0,0,0,0,2021,4,8,6,40.0,3448.0,3.9,0.0,9.4,100,10.583333333333334,3343,72.97577751196172,13,11,35.75582,35.80615,139.6015138888889,139.5355111111111,4.0,2.0,243958.02422248805
7,1800,1110210,1800006,1110210_1800006,下り,0,0,0,0,2021,4,8,7,31.0,3448.0,3.9,0.0,9.4,100,11.166666666666666,3577,69.8775852431526,13,11,35.75582,35.80615,139.6015138888889,139.5355111111111,4.0,2.0,249952.12241475683
8,1800,1110210,1800006,1110210_1800006,下り,0,0,0,0,2021,4,8,8,21.0,3448.0,3.9,0.0,9.4,100,9.583333333333334,3290,75.91826192646612,13,11,35.75582,35.80615,139.6015138888889,139.5355111111111,4.0,2.0,249771.08173807352
9,1800,1110210,1800006,1110210_1800006,下り,0,0,0,0,2021,4,8,9,27.0,3448.0,3.9,0.0,9.4,100,8.75,2966,78.3613077182339,13,11,35.75582,35.80615,139.6015138888889,139.5355111111111,4.0,2.0,232419.63869228176
10,1800,1110210,1800006,1110210_1800006,下り,0,0,0,0,2021,4,8,10,25.0,3448.0,3.9,0.0,9.4,100,11.916666666666666,2933,63.260736196319016,13,11,35.75582,35.80615,139.6015138888889,139.5355111111111,4.0,2.0,185543.73926380367
11,1800,1110210,1800006,1110210_1800006,下り,0,0,0,0,2021,4,8,11,23.0,3448.0,3.9,0.0,9.4,100,8.666666666666666,2738,75.25447243519532,13,11,35.75582,35.80615,139.6015138888889,139.5355111111111,4.0,2.0,206046.7455275648
12,1800,1110210,1800006,1110210_1800006,下り,0,0,0,0,2021,4,8,12,2.0,3448.0,3.9,0.0,9.4,100,7.75,2517,79.33756949960286,13,11,35.75582,35.80615,139.6015138888889,139.5355111111111,4.0,2.0,199692.6624305004
13,1800,1110210,1800006,1110210_1800006,下り,0,0,0,0,2021,4,8,13,2.0,3448.0,3.9,0.0,9.4,100,6.25,2197,80.77797998180164,13,11,35.75582,35.80615,139.6015138888889,139.5355111111111,4.0,2.0,177469.2220200182
14,1800,1110210,1800006,1110210_1800006,下り,0,0,0,0,2021,4,8,14,3.0,3448.0,3.9,0.0,9.4,100,6.25,2151,80.6496282527881,13,11,35.75582,35.80615,139.6015138888889,139.5355111111111,4.0,2.0,173477.35037174722
15,1800,1110210,1800006,1110210_1800006,下り,0,0,0,0,2021,4,8,15,5.0,3448.0,3.9,0.0,9.4,100,6.333333333333333,2216,81.9170049616599,13,11,35.75582,35.80615,139.6015138888889,139.5355111111111,4.0,2.0,181528.08299503833
16,1800,1110210,1800006,1110210_1800006,下り,0,0,0,0,2021,4,8,16,3.0,3448.0,3.9,0.0,9.4,100,6.333333333333333,2330,80.85371085371085,13,11,35.75582,35.80615,139.6015138888889,139.5355111111111,4.0,2.0,188389.14628914627
17,1800,1110210,1800006,1110210_1800006,下り,0,0,0,0,2021,4,8,17,5.0,3448.0,3.9,0.0,9.4,100,6.583333333333333,2442,81.39869013507982,13,11,35.75582,35.80615,139.6015138888889,139.5355111111111,4.0,2.0,198775.60130986493
18,1800,1110210,1800006,1110210_1800006,下り,0,0,0,0,2021,4,8,18,3.0,3448.0,3.9,0.0,9.4,100,6.333333333333333,2355,79.75042444821732,13,11,35.75582,35.80615,139.6015138888889,139.5355111111111,4.0,2.0,187812.24957555177
19,1800,1110210,1800006,1110210_1800006,下り,0,0,0,0,2021,4,8,19,7.0,3448.0,3.9,0.0,9.4,100,5.5,1987,80.63682092555332,13,11,35.75582,35.80615,139.6015138888889,139.5355111111111,4.0,2.0,160225.36317907445
20,1800,1110210,1800006,1110210_1800006,下り,0,0,0,0,2021,4,8,20,17.0,3448.0,3.9,0.0,9.4,100,4.083333333333333,1336,83.91623036649214,13,11,35.75582,35.80615,139.6015138888889,139.5355111111111,4.0,2.0,112112.08376963351
21,1800,1110210,1800006,1110210_1800006,下り,0,0,0,0,2021,4,8,21,1.0,3448.0,3.9,0.0,9.4,100,3.333333333333333,1076,83.55988857938719,13,11,35.75582,35.80615,139.6015138888889,139.5355111111111,4.0,2.0,89910.44011142061
22,1800,1110210,1800006,1110210_1800006,下り,0,0,0,0,2021,4,8,22,16.0,3448.0,3.9,0.0,9.4,100,2.583333333333333,795,82.72110552763819,13,11,35.75582,35.80615,139.6015138888889,139.5355111111111,4.0,2.0,65763.27889447236
23,1800,1110210,1800006,1110210_1800006,下り,0,0,0,0,2021,4,8,23,6.0,3448.0,3.9,0.0,9.4,100,2.4166666666666665,649,81.88461538461539,13,11,35.75582,35.80615,139.6015138888889,139.5355111111111,4.0,2.0,53143.11538461538
24,1800,1110210,1800006,1110210_1800006,下り,0,0,0,1,2021,4,9,0,18.0,2992.0,3.9,0.0,9.4,100,2.0,497,82.05220883534136,13,11,35.75582,35.80615,139.6015138888889,139.5355111111111,4.0,2.0,40779.94779116465
25,1800,1110210,1800006,1110210_1800006,下り,0,0,0,1,2021,4,9,1,37.0,2992.0,3.9,0.0,9.4,100,1.75,446,82.89261744966443,13,11,35.75582,35.80615,139.6015138888889,139.5355111111111,4.0,2.0,36970.10738255033
26,1800,1110210,1800006,1110210_1800006,下り,0,0,0,1,2021,4,9,2,17.0,2992.0,3.9,0.0,9.4,100,1.4166666666666667,389,82.87435897435897,13,11,35.75582,35.80615,139.6015138888889,139.5355111111111,4.0,2.0,32238.12564102564
27,1800,1110210,1800006,1110210_1800006,下り,0,0,0,1,2021,4,9,3,86.0,2992.0,3.9,0.0,9.4,100,1.75,470,82.59660297239915,13,11,35.75582,35.80615,139.6015138888889,139.5355111111111,4.0,2.0,38820.4033970276
28,1800,1110210,1800006,1110210_1800006,下り,0,0,0,1,2021,4,9,4,50.0,2992.0,3.9,0.0,9.4,100,2.083333333333333,552,83.95298372513562,13,11,35.75582,35.80615,139.6015138888889,139.5355111111111,4.0,2.0,46342.04701627487
29,1800,1110210,1800006,1110210_1800006,下り,0,0,0,1,2021,4,9,5,73.0,2992.0,3.9,0.0,9.4,100,4.25,1409,85.78156028368794,13,11,35.75582,35.80615,139.6015138888889,139.5355111111111,4.0,2.0,120866.21843971631
30,1800,1110210,1800006,1110210_1800006,下り,0,0,0,1,2021,4,9,6,58.0,2992.0,3.9,0.0,9.4,100,10.166666666666666,3419,75.74941520467836,13,11,35.75582,35.80615,139.6015138888889,139.5355111111111,4.0,2.0,258987.2505847953
31,1800,1110210,1800006,1110210_1800006,下り,0,0,0,1,2021,4,9,7,58.0,2992.0,3.9,0.0,9.4,100,11.416666666666666,3653,69.48467432950191,13,11,35.75582,35.80615,139.6015138888889,139.5355111111111,4.0,2.0,253827.51532567048
32,1800,1110210,1800006,1110210_1800006,下り,0,0,0,1,2021,4,9,8,41.0,2992.0,3.9,0.0,9.4,100,8.916666666666666,3186,78.23721368057734,13,11,35.75582,35.80615,139.6015138888889,139.5355111111111,4.0,2.0,249263.76278631942
33,1800,1110210,1800006,1110210_1800006,下り,0,0,0,1,2021,4,9,9,51.0,2992.0,3.9,0.0,9.4,100,10.166666666666666,3281,74.42748324192566,13,11,35.75582,35.80615,139.6015138888889,139.5355111111111,4.0,2.0,244196.57251675808
34,1800,1110210,1800006,1110210_1800006,下り,0,0,0,1,2021,4,9,10,46.0,2992.0,3.9,0.0,9.4,100,9.583333333333334,3071,77.68619791666667,13,11,35.75582,35.80615,139.6015138888889,139.5355111111111,4.0,2.0,238574.31380208334
35,1800,1110210,1800006,1110210_1800006,下り,0,0,0,1,2021,4,9,11,27.0,2992.0,3.9,0.0,9.4,100,9.25,2956,76.89617855935069,13,11,35.75582,35.80615,139.6015138888889,139.5355111111111,4.0,2.0,227305.10382144063
36,1800,1110210,1800006,1110210_1800006,下り,0,0,0,1,2021,4,9,12,11.0,2992.0,3.9,0.0,9.4,100,8.166666666666666,2715,79.36266568483063,13,11,35.75582,35.80615,139.6015138888889,139.5355111111111,4.0,2.0,215469.63733431516
37,1800,1110210,1800006,1110210_1800006,下り,0,0,0,1,2021,4,9,13,6.0,2992.0,3.9,0.0,9.4,100,6.5,2269,81.67092511013216,13,11,35.75582,35.80615,139.6015138888889,139.5355111111111,4.0,2.0,185311.32907488986
38,1800,1110210,1800006,1110210_1800006,下り,0,0,0,1,2021,4,9,14,8.0,2992.0,3.9,0.0,9.4,100,6.833333333333333,2367,80.55827702702703,13,11,35.75582,35.80615,139.6015138888889,139.5355111111111,4.0,2.0,190681.441722973
39,1800,1110210,1800006,1110210_1800006,下り,0,0,0,1,2021,4,9,15,17.0,2992.0,3.9,0.0,9.4,100,7.166666666666667,2544,80.00510805500983,13,11,35.75582,35.80615,139.6015138888889,139.5355111111111,4.0,2.0,203532.994891945
40,1800,1110210,1800006,1110210_1800006,下り,0,0,0,1,2021,4,9,16,19.0,2992.0,3.9,0.0,9.4,100,7.5,2680,80.35098843715032,13,11,35.75582,35.80615,139.6015138888889,139.5355111111111,4.0,2.0,215340.64901156287
41,1800,1110210,1800006,1110210_1800006,下り,0,0,0,1,2021,4,9,17,19.0,2992.0,3.9,0.0,9.4,100,7.833333333333333,2882,78.7797433229275,13,11,35.75582,35.80615,139.6015138888889,139.5355111111111,4.0,2.0,227043.22025667707
42,1800,1110210,1800006,1110210_1800006,下り,0,0,0,1,2021,4,9,18,7.0,2992.0,3.9,0.0,9.4,100,7.583333333333333,2675,74.58594917787742,13,11,35.75582,35.80615,139.6015138888889,139.5355111111111,4.0,2.0,199517.41405082212
43,1800,1110210,1800006,1110210_1800006,下り,0,0,0,1,2021,4,9,19,22.0,2992.0,3.9,0.0,9.4,100,7.0,2392,75.80442958629335,13,11,35.75582,35.80615,139.6015138888889,139.5355111111111,4.0,2.0,181324.1955704137
44,1800,1110210,1800006,1110210_1800006,下り,0,0,0,1,2021,4,9,20,18.0,2992.0,3.9,0.0,9.4,100,4.833333333333333,1738,81.87291546866015,13,11,35.75582,35.80615,139.6015138888889,139.5355111111111,4.0,2.0,142295.12708453136
45,1800,1110210,1800006,1110210_1800006,下り,0,0,0,1,2021,4,9,21,17.0,2992.0,3.9,0.0,9.4,100,4.416666666666667,1531,80.92297650130548,13,11,35.75582,35.80615,139.6015138888889,139.5355111111111,4.0,2.0,123893.0770234987
46,1800,1110210,1800006,1110210_1800006,下り,0,0,0,1,2021,4,9,22,25.0,2992.0,3.9,0.0,9.4,100,3.9166666666666665,1252,81.57462090981645,13,11,35.75582,35.80615,139.6015138888889,139.5355111111111,4.0,2.0,102131.42537909019
47,1800,1110210,1800006,1110210_1800006,下り,0,0,0,1,2021,4,9,23,24.0,2992.0,3.9,0.0,9.4,100,3.0,875,83.01826484018265,13,11,35.75582,35.80615,139.6015138888889,139.5355111111111,4.0,2.0,72640.98173515982
48,1800,1110210,1800006,1110210_1800006,下り,0,1,0,1,2021,4,10,0,53.0,2970.0,3.9,0.0,9.4,100,2.25,643,82.2919254658385,13,11,35.75582,35.80615,139.6015138888889,139.5355111111111,4.0,2.0,52913.70807453416
49,1800,1110210,1800006,1110210_1800006,下り,0,1,0,1,2021,4,10,1,19.0,2970.0,3.9,0.0,9.4,100,1.75,531,82.26315789473684,13,11,35.75582,35.80615,139.6015138888889,139.5355111111111,4.0,2.0,43681.73684210526
50,1800,1110210,1800006,1110210_1800006,下り,0,1,0,1,2021,4,10,2,34.0,2970.0,3.9,0.0,9.4,100,1.75,458,82.60348583877996,13,11,35.75582,35.80615,139.6015138888889,139.5355111111111,4.0,2.0,37832.39651416122
51,1800,1110210,1800006,1110210_1800006,下り,0,1,0,1,2021,4,10,3,114.0,2970.0,3.9,0.0,9.4,100,1.9166666666666667,588,84.05942275042445,13,11,35.75582,35.80615,139.6015138888889,139.5355111111111,4.0,2.0,49426.940577249574
52,1800,1110210,1800006,1110210_1800006,下り,0,1,0,1,2021,4,10,4,133.0,2970.0,3.9,0.0,9.4,100,2.9166666666666665,1005,85.53578528827038,13,11,35.75582,35.80615,139.6015138888889,139.5355111111111,4.0,2.0,85963.46421471173
53,1800,1110210,1800006,1110210_1800006,下り,0,1,0,1,2021,4,10,5,198.0,2970.0,3.9,0.0,9.4,100,6.583333333333333,2443,81.50409165302783,13,11,35.75582,35.80615,139.6015138888889,139.5355111111111,4.0,2.0,199114.495908347
54,1800,1110210,1800006,1110210_1800006,下り,0,1,0,1,2021,4,10,6,300.0,2970.0,3.9,0.0,9.4,100,13.833333333333334,3990,61.32222500626409,13,11,35.75582,35.80615,139.6015138888889,139.5355111111111,4.0,2.0,244675.67777499373
55,1800,1110210,1800006,1110210_1800006,下り,0,1,0,1,2021,4,10,7,221.0,2970.0,3.9,0.0,9.4,100,11.75,3610,65.68623649958461,13,11,35.75582,35.80615,139.6015138888889,139.5355111111111,4.0,2.0,237127.31376350045
56,1800,1110210,1800006,1110210_1800006,下り,0,1,0,1,2021,4,10,8,194.0,2970.0,3.9,0.0,9.4,100,6.583333333333333,2585,82.67749419953596,13,11,35.75582,35.80615,139.6015138888889,139.5355111111111,4.0,2.0,213721.32250580046
57,1800,1110210,1800006,1110210_1800006,下り,0,1,0,1,2021,4,10,9,164.0,2970.0,3.9,0.0,9.4,100,8.916666666666666,3248,76.77408433364113,13,11,35.75582,35.80615,139.6015138888889,139.5355111111111,4.0,2.0,249362.22591566638
58,1800,1110210,1800006,1110210_1800006,下り,0,1,0,1,2021,4,10,10,144.0,2970.0,3.9,0.0,9.4,100,9.333333333333334,3360,77.26867003867896,13,11,35.75582,35.80615,139.6015138888889,139.5355111111111,4.0,2.0,259622.7313299613
59,1800,1110210,1800006,1110210_1800006,下り,0,1,0,1,2021,4,10,11,118.0,2970.0,3.9,0.0,9.4,100,8.916666666666666,3277,78.3615009151922,13,11,35.75582,35.80615,139.6015138888889,139.5355111111111,4.0,2.0,256790.63849908483
60,1800,1110210,1800006,1110210_1800006,下り,0,1,0,1,2021,4,10,12,43.0,2970.0,3.9,0.0,9.4,100,7.5,2850,81.33461943177832,13,11,35.75582,35.80615,139.6015138888889,139.5355111111111,4.0,2.0,231803.6653805682
61,1800,1110210,1800006,1110210_1800006,下り,0,1,0,1,2021,4,10,13,40.0,2970.0,3.9,0.0,9.4,100,6.25,2495,83.84455128205128,13,11,35.75582,35.80615,139.6015138888889,139.5355111111111,4.0,2.0,209192.15544871797
62,1800,1110210,1800006,1110210_1800006,下り,0,1,0,1,2021,4,10,14,34.0,2970.0,3.9,0.0,9.4,100,5.916666666666667,2279,82.83026315789473,13,11,35.75582,35.80615,139.6015138888889,139.5355111111111,4.0,2.0,188770.1697368421
63,1800,1110210,1800006,1110210_1800006,下り,0,1,0,1,2021,4,10,15,23.0,2970.0,3.9,0.0,9.4,100,5.666666666666667,2305,83.73156981786643,13,11,35.75582,35.80615,139.6015138888889,139.5355111111111,4.0,2.0,193001.26843018213
64,1800,1110210,1800006,1110210_1800006,下り,0,1,0,1,2021,4,10,16,31.0,2970.0,3.9,0.0,9.4,100,5.583333333333333,2276,85.06455862977602,13,11,35.75582,35.80615,139.6015138888889,139.5355111111111,4.0,2.0,193606.9354413702
65,1800,1110210,1800006,1110210_1800006,下り,0,1,0,1,2021,4,10,17,34.0,2970.0,3.9,0.0,9.4,100,6.166666666666667,2468,83.18266504657757,13,11,35.75582,35.80615,139.6015138888889,139.5355111111111,4.0,2.0,205294.81733495343
66,1800,1110210,1800006,1110210_1800006,下り,0,1,0,1,2021,4,10,18,14.0,2970.0,3.9,0.0,9.4,100,5.75,2277,82.28358208955224,13,11,35.75582,35.80615,139.6015138888889,139.5355111111111,4.0,2.0,187359.71641791044
67,1800,1110210,1800006,1110210_1800006,下り,0,1,0,1,2021,4,10,19,21.0,2970.0,3.9,0.0,9.4,100,4.666666666666667,1806,81.54842280022136,13,11,35.75582,35.80615,139.6015138888889,139.5355111111111,4.0,2.0,147276.45157719977
68,1800,1110210,1800006,1110210_1800006,下り,0,1,0,1,2021,4,10,20,13.0,2970.0,3.9,0.0,9.4,100,3.5,1373,83.75181950509462,13,11,35.75582,35.80615,139.6015138888889,139.5355111111111,4.0,2.0,114991.2481804949
69,1800,1110210,1800006,1110210_1800006,下り,0,1,0,1,2021,4,10,21,17.0,2970.0,3.9,0.0,9.4,100,3.25,1216,84.03615447822514,13,11,35.75582,35.80615,139.6015138888889,139.5355111111111,4.0,2.0,102187.96384552178
70,1800,1110210,1800006,1110210_1800006,下り,0,1,0,1,2021,4,10,22,21.0,2970.0,3.9,0.0,9.4,100,2.583333333333333,913,83.13566739606127,13,11,35.75582,35.80615,139.6015138888889,139.5355111111111,4.0,2.0,75902.86433260393
71,1800,1110210,1800006,1110210_1800006,下り,0,1,0,1,2021,4,10,23,16.0,2970.0,3.9,0.0,9.4,100,1.8333333333333333,582,84.77530017152658,13,11,35.75582,35.80615,139.6015138888889,139.5355111111111,4.0,2.0,49339.22469982847
72,1800,1110210,1800006,1110210_1800006,下り,0,1,1,0,2021,4,11,0,19.0,2992.0,3.9,0.0,9.4,100,1.6666666666666667,487,84.9139344262295,13,11,35.75582,35.80615,139.6015138888889,139.5355111111111,4.0,2.0,41353.08606557377
73,1800,1110210,1800006,1110210_1800006,下り,0,1,1,0,2021,4,11,1,11.0,2992.0,3.9,0.0,9.4,100,1.0,325,84.34969325153374,13,11,35.75582,35.80615,139.6015138888889,139.5355111111111,4.0,2.0,27413.650306748463
74,1800,1110210,1800006,1110210_1800006,下り,0,1,1,0,2021,4,11,2,12.0,2992.0,3.9,0.0,9.4,100,1.0,283,83.4330985915493,13,11,35.75582,35.80615,139.6015138888889,139.5355111111111,4.0,2.0,23611.566901408452
75,1800,1110210,1800006,1110210_1800006,下り,0,1,1,0,2021,4,11,3,19.0,2992.0,3.9,0.0,9.4,100,1.0,353,85.49435028248588,13,11,35.75582,35.80615,139.6015138888889,139.5355111111111,4.0,2.0,30179.505649717517
76,1800,1110210,1800006,1110210_1800006,下り,0,1,1,0,2021,4,11,4,51.0,2992.0,3.9,0.0,9.4,100,1.5,559,88.00535714285714,13,11,35.75582,35.80615,139.6015138888889,139.5355111111111,4.0,2.0,49194.99464285714
77,1800,1110210,1800006,1110210_1800006,下り,0,1,1,0,2021,4,11,5,78.0,2992.0,3.9,0.0,9.4,100,4.0,1687,90.10367298578198,13,11,35.75582,35.80615,139.6015138888889,139.5355111111111,4.0,2.0,152004.8963270142
78,1800,1110210,1800006,1110210_1800006,下り,0,1,1,0,2021,4,11,6,104.0,2992.0,3.9,0.0,9.4,100,6.583333333333333,2707,86.07939438700147,13,11,35.75582,35.80615,139.6015138888889,139.5355111111111,4.0,2.0,233016.92060561298
79,1800,1110210,1800006,1110210_1800006,下り,0,1,1,0,2021,4,11,7,109.0,2992.0,3.9,0.0,9.4,100,6.333333333333333,2622,84.05337399923751,13,11,35.75582,35.80615,139.6015138888889,139.5355111111111,4.0,2.0,220387.94662600075
80,1800,1110210,1800006,1110210_1800006,下り,0,1,1,0,2021,4,11,8,124.0,2992.0,3.9,0.0,9.4,100,6.166666666666667,2553,84.71652310101801,13,11,35.75582,35.80615,139.6015138888889,139.5355111111111,4.0,2.0,216281.283476899
81,1800,1110210,1800006,1110210_1800006,下り,0,1,1,0,2021,4,11,9,76.0,2992.0,3.9,0.0,9.4,100,7.333333333333333,2902,80.61832586978987,13,11,35.75582,35.80615,139.6015138888889,139.5355111111111,4.0,2.0,233954.3816741302
82,1800,1110210,1800006,1110210_1800006,下り,0,1,1,0,2021,4,11,10,69.0,2992.0,3.9,0.0,9.4,100,6.916666666666667,2831,82.38100282485875,13,11,35.75582,35.80615,139.6015138888889,139.5355111111111,4.0,2.0,233220.61899717513
83,1800,1110210,1800006,1110210_1800006,下り,0,1,1,0,2021,4,11,11,32.0,2992.0,3.9,0.0,9.4,100,6.25,2501,84.26618705035972,13,11,35.75582,35.80615,139.6015138888889,139.5355111111111,4.0,2.0,210749.73381294965
84,1800,1110210,1800006,1110210_1800006,下り,0,1,1,0,2021,4,11,12,11.0,2992.0,3.9,0.0,9.4,100,4.916666666666667,2044,86.72860635696821,13,11,35.75582,35.80615,139.6015138888889,139.5355111111111,4.0,2.0,177273.27139364302
85,1800,1110210,1800006,1110210_1800006,下り,0,1,1,0,2021,4,11,13,16.0,2992.0,3.9,0.0,9.4,100,4.333333333333333,1879,88.0877659574468,13,11,35.75582,35.80615,139.6015138888889,139.5355111111111,4.0,2.0,165516.91223404254
86,1800,1110210,1800006,1110210_1800006,下り,0,1,1,0,2021,4,11,14,11.0,2992.0,3.9,0.0,9.4,100,4.333333333333333,1838,87.3926046764546,13,11,35.75582,35.80615,139.6015138888889,139.5355111111111,4.0,2.0,160627.60739532355
87,1800,1110210,1800006,1110210_1800006,下り,0,1,1,0,2021,4,11,15,7.0,2992.0,3.9,0.0,9.4,100,4.0,1750,87.9571673329526,13,11,35.75582,35.80615,139.6015138888889,139.5355111111111,4.0,2.0,153925.04283266704
88,1800,1110210,1800006,1110210_1800006,下り,0,1,1,0,2021,4,11,16,14.0,2992.0,3.9,0.0,9.4,100,4.0,1718,87.70506108202443,13,11,35.75582,35.80615,139.6015138888889,139.5355111111111,4.0,2.0,150677.29493891797
89,1800,1110210,1800006,1110210_1800006,下り,0,1,1,0,2021,4,11,17,15.0,2992.0,3.9,0.0,9.4,100,3.9166666666666665,1641,87.49817295980512,13,11,35.75582,35.80615,139.6015138888889,139.5355111111111,4.0,2.0,143584.5018270402
90,1800,1110210,1800006,1110210_1800006,下り,0,1,1,0,2021,4,11,18,23.0,2992.0,3.9,0.0,9.4,100,3.6666666666666665,1455,86.68063186813187,13,11,35.75582,35.80615,139.6015138888889,139.5355111111111,4.0,2.0,126120.31936813187
91,1800,1110210,1800006,1110210_1800006,下り,0,1,1,0,2021,4,11,19,13.0,2992.0,3.9,0.0,9.4,100,3.4166666666666665,1372,86.13037144938092,13,11,35.75582,35.80615,139.6015138888889,139.5355111111111,4.0,2.0,118170.86962855062
92,1800,1110210,1800006,1110210_1800006,下り,0,1,1,0,2021,4,11,20,5.0,2992.0,3.9,0.0,9.4,100,3.583333333333333,1347,84.8427299703264,13,11,35.75582,35.80615,139.6015138888889,139.5355111111111,4.0,2.0,114283.15727002967
93,1800,1110210,1800006,1110210_1800006,下り,0,1,1,0,2021,4,11,21,6.0,2992.0,3.9,0.0,9.4,100,3.5,1374,84.92654545454545,13,11,35.75582,35.80615,139.6015138888889,139.5355111111111,4.0,2.0,116689.07345454545
94,1800,1110210,1800006,1110210_1800006,下り,0,1,1,0,2021,4,11,22,9.0,2992.0,3.9,0.0,9.4,100,2.6666666666666665,945,85.69133192389006,13,11,35.75582,35.80615,139.6015138888889,139.5355111111111,4.0,2.0,80978.3086680761
95,1800,1110210,1800006,1110210_1800006,下り,0,1,1,0,2021,4,11,23,2.0,2992.0,3.9,0.0,9.4,100,1.8333333333333333,564,84.94867256637168,13,11,35.75582,35.80615,139.6015138888889,139.5355111111111,4.0,2.0,47911.051327433626
96,1800,1110210,1800006,1110210_1800006,下り,0,0,1,0,2021,4,12,0,20.0,2974.0,3.9,0.0,9.4,100,1.3333333333333333,429,84.2953488372093,13,11,35.75582,35.80615,139.6015138888889,139.5355111111111,4.0,2.0,36162.70465116279
97,1800,1110210,1800006,1110210_1800006,下り,0,0,1,0,2021,4,12,1,20.0,2974.0,3.9,0.0,9.4,100,1.0,340,83.24633431085044,13,11,35.75582,35.80615,139.6015138888889,139.5355111111111,4.0,2.0,28303.75366568915
98,1800,1110210,1800006,1110210_1800006,下り,0,0,1,0,2021,4,12,2,10.0,2974.0,3.9,0.0,9.4,100,1.0833333333333333,286,83.80836236933798,13,11,35.75582,35.80615,139.6015138888889,139.5355111111111,4.0,2.0,23969.191637630665
99,1800,1110210,1800006,1110210_1800006,下り,0,0,1,0,2021,4,12,3,37.0,2974.0,3.9,0.0,9.4,100,1.3333333333333333,373,82.19251336898395,13,11,35.75582,35.80615,139.6015138888889,139.5355111111111,4.0,2.0,30657.807486631013
100,1800,1110210,1800006,1110210_1800006,下り,0,0,1,0,2021,4,12,4,32.0,2974.0,3.9,0.0,9.4,100,1.8333333333333333,524,83.11238095238095,13,11,35.75582,35.80615,139.6015138888889,139.5355111111111,4.0,2.0,43550.887619047615
101,1800,1110210,1800006,1110210_1800006,下り,0,0,1,0,2021,4,12,5,28.0,2974.0,3.9,0.0,9.4,100,4.25,1470,86.85723997280762,13,11,35.75582,35.80615,139.6015138888889,139.5355111111111,4.0,2.0,127680.1427600272
102,1800,1110210,1800006,1110210_1800006,下り,0,0,1,0,2021,4,12,6,67.0,2974.0,3.9,0.0,9.4,100,9.083333333333334,3187,77.96455457967377,13,11,35.75582,35.80615,139.6015138888889,139.5355111111111,4.0,2.0,248473.0354454203
103,1800,1110210,1800006,1110210_1800006,下り,0,0,1,0,2021,4,12,7,44.0,2974.0,3.9,0.0,9.4,100,9.416666666666666,3274,75.8854961832061,13,11,35.75582,35.80615,139.6015138888889,139.5355111111111,4.0,2.0,248449.11450381676
104,1800,1110210,1800006,1110210_1800006,下り,0,0,1,0,2021,4,12,8,18.0,2974.0,3.9,0.0,9.4,100,7.833333333333333,2889,81.38823529411765,13,11,35.75582,35.80615,139.6015138888889,139.5355111111111,4.0,2.0,235130.61176470589
105,1800,1110210,1800006,1110210_1800006,下り,0,0,1,0,2021,4,12,9,24.0,2974.0,3.9,0.0,9.4,100,7.916666666666667,2737,81.57341124908693,13,11,35.75582,35.80615,139.6015138888889,139.5355111111111,4.0,2.0,223266.42658875094
106,1800,1110210,1800006,1110210_1800006,下り,0,0,1,0,2021,4,12,10,29.0,2974.0,3.9,0.0,9.4,100,8.583333333333334,2789,78.7810035842294,13,11,35.75582,35.80615,139.6015138888889,139.5355111111111,4.0,2.0,219720.2189964158
107,1800,1110210,1800006,1110210_1800006,下り,0,0,1,0,2021,4,12,11,20.0,2974.0,3.9,0.0,9.4,100,8.5,2788,79.03585514521333,13,11,35.75582,35.80615,139.6015138888889,139.5355111111111,4.0,2.0,220351.96414485478
108,1800,1110210,1800006,1110210_1800006,下り,0,0,1,0,2021,4,12,12,17.0,2974.0,3.9,0.0,9.4,100,7.666666666666667,2601,81.53189853958493,13,11,35.75582,35.80615,139.6015138888889,139.5355111111111,4.0,2.0,212064.4681014604
109,1800,1110210,1800006,1110210_1800006,下り,0,0,1,0,2021,4,12,13,10.0,2974.0,3.9,0.0,9.4,100,6.166666666666667,2129,82.55492957746479,13,11,35.75582,35.80615,139.6015138888889,139.5355111111111,4.0,2.0,175759.44507042255
110,1800,1110210,1800006,1110210_1800006,下り,0,0,1,0,2021,4,12,14,9.0,2974.0,3.9,0.0,9.4,100,6.0,2071,82.22055984555985,13,11,35.75582,35.80615,139.6015138888889,139.5355111111111,4.0,2.0,170278.77944015444
111,1800,1110210,1800006,1110210_1800006,下り,0,0,1,0,2021,4,12,15,24.0,2974.0,3.9,0.0,9.4,100,6.333333333333333,2244,82.96436525612472,13,11,35.75582,35.80615,139.6015138888889,139.5355111111111,4.0,2.0,186172.03563474386
112,1800,1110210,1800006,1110210_1800006,下り,0,0,1,0,2021,4,12,16,7.0,2974.0,3.9,0.0,9.4,100,6.333333333333333,2289,82.52183406113537,13,11,35.75582,35.80615,139.6015138888889,139.5355111111111,4.0,2.0,188892.47816593884
113,1800,1110210,1800006,1110210_1800006,下り,0,0,1,0,2021,4,12,17,5.0,2974.0,3.9,0.0,9.4,100,6.916666666666667,2623,82.95579268292683,13,11,35.75582,35.80615,139.6015138888889,139.5355111111111,4.0,2.0,217593.04420731706
114,1800,1110210,1800006,1110210_1800006,下り,0,0,1,0,2021,4,12,18,5.0,2974.0,3.9,0.0,9.4,100,6.416666666666667,2399,79.98208333333334,13,11,35.75582,35.80615,139.6015138888889,139.5355111111111,4.0,2.0,191877.01791666666
115,1800,1110210,1800006,1110210_1800006,下り,0,0,1,0,2021,4,12,19,5.0,2974.0,3.9,0.0,9.4,100,4.666666666666667,1763,82.44954648526077,13,11,35.75582,35.80615,139.6015138888889,139.5355111111111,4.0,2.0,145358.55045351473
116,1800,1110210,1800006,1110210_1800006,下り,0,0,1,0,2021,4,12,20,4.0,2974.0,3.9,0.0,9.4,100,3.583333333333333,1262,85.36579572446556,13,11,35.75582,35.80615,139.6015138888889,139.5355111111111,4.0,2.0,107731.63420427553
117,1800,1110210,1800006,1110210_1800006,下り,0,0,1,0,2021,4,12,21,2.0,2974.0,3.9,0.0,9.4,100,3.333333333333333,1063,84.17011278195488,13,11,35.75582,35.80615,139.6015138888889,139.5355111111111,4.0,2.0,89472.82988721805
118,1800,1110210,1800006,1110210_1800006,下り,0,0,1,0,2021,4,12,22,7.0,2974.0,3.9,0.0,9.4,100,2.75,765,83.3420365535248,13,11,35.75582,35.80615,139.6015138888889,139.5355111111111,4.0,2.0,63756.65796344648
119,1800,1110210,1800006,1110210_1800006,下り,0,0,1,0,2021,4,12,23,4.0,2974.0,3.9,0.0,9.4,100,2.5,609,82.56065573770492,13,11,35.75582,35.80615,139.6015138888889,139.5355111111111,4.0,2.0,50279.4393442623
120,1800,1110210,1800006,1110210_1800006,下り,0,0,0,0,2021,4,13,0,19.0,3045.0,3.9,0.0,9.4,100,2.083333333333333,540,83.91682070240296,13,11,35.75582,35.80615,139.6015138888889,139.5355111111111,4.0,2.0,45315.083179297595
121,1800,1110210,1800006,1110210_1800006,下り,0,0,0,0,2021,4,13,1,11.0,3045.0,3.9,0.0,9.4,100,1.5,398,81.9047619047619,13,11,35.75582,35.80615,139.6015138888889,139.5355111111111,4.0,2.0,32598.095238095237
122,1800,1110210,1800006,1110210_1800006,下り,0,0,0,0,2021,4,13,2,12.0,3045.0,3.9,0.0,9.4,100,1.5,360,82.79501385041551,13,11,35.75582,35.80615,139.6015138888889,139.5355111111111,4.0,2.0,29806.204986149587
123,1800,1110210,1800006,1110210_1800006,下り,0,0,0,0,2021,4,13,3,37.0,3045.0,3.9,0.0,9.4,100,1.5833333333333333,434,83.34252873563219,13,11,35.75582,35.80615,139.6015138888889,139.5355111111111,4.0,2.0,36170.65747126437
124,1800,1110210,1800006,1110210_1800006,下り,0,0,0,0,2021,4,13,4,22.0,3045.0,3.9,0.0,9.4,100,2.1666666666666665,547,83.45620437956204,13,11,35.75582,35.80615,139.6015138888889,139.5355111111111,4.0,2.0,45650.54379562043
125,1800,1110210,1800006,1110210_1800006,下り,0,0,0,0,2021,4,13,5,30.0,3045.0,3.9,0.0,9.4,100,4.083333333333333,1264,86.45691699604743,13,11,35.75582,35.80615,139.6015138888889,139.5355111111111,4.0,2.0,109281.54308300394
126,1800,1110210,1800006,1110210_1800006,下り,0,0,0,0,2021,4,13,6,34.0,3045.0,3.9,0.0,9.4,100,9.916666666666666,3260,75.64060104262497,13,11,35.75582,35.80615,139.6015138888889,139.5355111111111,4.0,2.0,246588.3593989574
127,1800,1110210,1800006,1110210_1800006,下り,0,0,0,0,2021,4,13,7,16.0,3045.0,3.9,0.0,9.4,100,10.916666666666666,3411,68.27344665885111,13,11,35.75582,35.80615,139.6015138888889,139.5355111111111,4.0,2.0,232880.72655334114
128,1800,1110210,1800006,1110210_1800006,下り,0,0,0,0,2021,4,13,8,11.0,3045.0,3.9,0.0,9.4,100,9.083333333333334,3089,74.16537216828479,13,11,35.75582,35.80615,139.6015138888889,139.5355111111111,4.0,2.0,229096.8346278317
129,1800,1110210,1800006,1110210_1800006,下り,0,0,0,0,2021,4,13,9,40.0,3045.0,3.9,0.0,9.4,100,9.083333333333334,3015,76.78779840848806,13,11,35.75582,35.80615,139.6015138888889,139.5355111111111,4.0,2.0,231515.2122015915
130,1800,1110210,1800006,1110210_1800006,下り,0,0,0,0,2021,4,13,10,21.0,3045.0,3.9,0.0,9.4,100,9.0,2852,78.14440939362075,13,11,35.75582,35.80615,139.6015138888889,139.5355111111111,4.0,2.0,222867.85559060637
131,1800,1110210,1800006,1110210_1800006,下り,0,0,0,0,2021,4,13,11,14.0,3045.0,3.9,0.0,9.4,100,8.083333333333334,2665,79.59752438109527,13,11,35.75582,35.80615,139.6015138888889,139.5355111111111,4.0,2.0,212127.4024756189
132,1800,1110210,1800006,1110210_1800006,下り,0,0,0,0,2021,4,13,12,8.0,3045.0,3.9,0.0,9.4,100,7.25,2467,81.39748784440843,13,11,35.75582,35.80615,139.6015138888889,139.5355111111111,4.0,2.0,200807.6025121556
133,1800,1110210,1800006,1110210_1800006,下り,0,0,0,0,2021,4,13,13,9.0,3045.0,3.9,0.0,9.4,100,6.25,2149,81.50325581395349,13,11,35.75582,35.80615,139.6015138888889,139.5355111111111,4.0,2.0,175150.49674418604
134,1800,1110210,1800006,1110210_1800006,下り,0,0,0,0,2021,4,13,14,2.0,3045.0,3.9,0.0,9.4,100,6.333333333333333,2202,81.55923740354062,13,11,35.75582,35.80615,139.6015138888889,139.5355111111111,4.0,2.0,179593.44076259644
135,1800,1110210,1800006,1110210_1800006,下り,0,0,0,0,2021,4,13,15,3.0,3045.0,3.9,0.0,9.4,100,6.583333333333333,2258,80.54094732182382,13,11,35.75582,35.80615,139.6015138888889,139.5355111111111,4.0,2.0,181861.4590526782
136,1800,1110210,1800006,1110210_1800006,下り,0,0,0,0,2021,4,13,16,2.0,3045.0,3.9,0.0,9.4,100,6.416666666666667,2278,82.56779289161913,13,11,35.75582,35.80615,139.6015138888889,139.5355111111111,4.0,2.0,188089.4322071084
137,1800,1110210,1800006,1110210_1800006,下り,0,0,0,0,2021,4,13,17,2.0,3045.0,3.9,0.0,9.4,100,7.333333333333333,2675,80.26980568011957,13,11,35.75582,35.80615,139.6015138888889,139.5355111111111,4.0,2.0,214721.73019431985
138,1800,1110210,1800006,1110210_1800006,下り,0,0,0,0,2021,4,13,18,2.0,3045.0,3.9,0.0,9.4,100,6.083333333333333,2308,81.86011260285838,13,11,35.75582,35.80615,139.6015138888889,139.5355111111111,4.0,2.0,188933.13988739715
139,1800,1110210,1800006,1110210_1800006,下り,0,0,0,0,2021,4,13,19,2.0,3045.0,3.9,0.0,9.4,100,4.583333333333333,1599,82.876875,13,11,35.75582,35.80615,139.6015138888889,139.5355111111111,4.0,2.0,132520.12312499998
140,1800,1110210,1800006,1110210_1800006,下り,0,0,0,0,2021,4,13,20,7.0,3045.0,3.9,0.0,9.4,100,3.5,1191,85.1258389261745,13,11,35.75582,35.80615,139.6015138888889,139.5355111111111,4.0,2.0,101384.87416107382
141,1800,1110210,1800006,1110210_1800006,下り,0,0,0,0,2021,4,13,21,4.0,3045.0,3.9,0.0,9.4,100,3.25,1008,83.8790882061447,13,11,35.75582,35.80615,139.6015138888889,139.5355111111111,4.0,2.0,84550.12091179386
142,1800,1110210,1800006,1110210_1800006,下り,0,0,0,0,2021,4,13,22,3.0,3045.0,3.9,0.0,9.4,100,2.75,776,84.15701415701416,13,11,35.75582,35.80615,139.6015138888889,139.5355111111111,4.0,2.0,65305.84298584299
143,1800,1110210,1800006,1110210_1800006,下り,0,0,0,0,2021,4,13,23,2.0,3045.0,3.9,0.0,9.4,100,2.25,599,83.67166666666667,13,11,35.75582,35.80615,139.6015138888889,139.5355111111111,4.0,2.0,50119.32833333333
144,1800,1110210,1800006,1110210_1800006,下り,0,0,0,0,2021,4,14,0,19.0,3070.0,3.9,0.0,9.4,100,1.8333333333333333,468,83.11087420042644,13,11,35.75582,35.80615,139.6015138888889,139.5355111111111,4.0,2.0,38895.88912579957
145,1800,1110210,1800006,1110210_1800006,下り,0,0,0,0,2021,4,14,1,14.0,3070.0,3.9,0.0,9.4,100,1.4166666666666667,386,83.29974160206719,13,11,35.75582,35.80615,139.6015138888889,139.5355111111111,4.0,2.0,32153.700258397934
146,1800,1110210,1800006,1110210_1800006,下り,0,0,0,0,2021,4,14,2,3.0,3070.0,3.9,0.0,9.4,100,1.5833333333333333,389,81.61794871794872,13,11,35.75582,35.80615,139.6015138888889,139.5355111111111,4.0,2.0,31749.382051282053
147,1800,1110210,1800006,1110210_1800006,下り,0,0,0,0,2021,4,14,3,17.0,3070.0,3.9,0.0,9.4,100,1.4166666666666667,411,82.83495145631068,13,11,35.75582,35.80615,139.6015138888889,139.5355111111111,4.0,2.0,34045.16504854369
148,1800,1110210,1800006,1110210_1800006,下り,0,0,0,0,2021,4,14,4,10.0,3070.0,3.9,0.0,9.4,100,1.6666666666666667,466,82.69593147751605,13,11,35.75582,35.80615,139.6015138888889,139.5355111111111,4.0,2.0,38536.304068522484
149,1800,1110210,1800006,1110210_1800006,下り,0,0,0,0,2021,4,14,5,9.0,3070.0,3.9,0.0,9.4,100,4.0,1344,85.83345724907063,13,11,35.75582,35.80615,139.6015138888889,139.5355111111111,4.0,2.0,115360.16654275093
150,1800,1110210,1800006,1110210_1800006,下り,0,0,0,0,2021,4,14,6,30.0,3070.0,3.9,0.0,9.4,100,10.5,3262,70.07171314741036,13,11,35.75582,35.80615,139.6015138888889,139.5355111111111,4.0,2.0,228573.9282868526
151,1800,1110210,1800006,1110210_1800006,下り,0,0,0,0,2021,4,14,7,30.0,3070.0,3.9,0.0,9.4,100,12.583333333333334,3386,63.12223206377325,13,11,35.75582,35.80615,139.6015138888889,139.5355111111111,4.0,2.0,213731.8777679362
152,1800,1110210,1800006,1110210_1800006,下り,0,0,0,0,2021,4,14,8,23.0,3070.0,3.9,0.0,9.4,100,9.333333333333334,3063,72.36553524804178,13,11,35.75582,35.80615,139.6015138888889,139.5355111111111,4.0,2.0,221655.634464752
153,1800,1110210,1800006,1110210_1800006,下り,0,0,0,0,2021,4,14,9,23.0,3070.0,3.9,0.0,9.4,100,9.0,2888,73.53271028037383,13,11,35.75582,35.80615,139.6015138888889,139.5355111111111,4.0,2.0,212362.46728971964
154,1800,1110210,1800006,1110210_1800006,下り,0,0,0,0,2021,4,14,10,26.0,3070.0,3.9,0.0,9.4,100,11.5,2794,61.82397137745975,13,11,35.75582,35.80615,139.6015138888889,139.5355111111111,4.0,2.0,172736.17602862255
155,1800,1110210,1800006,1110210_1800006,下り,0,0,0,0,2021,4,14,11,12.0,3070.0,3.9,0.0,9.4,100,8.833333333333334,2582,71.85404568331397,13,11,35.75582,35.80615,139.6015138888889,139.5355111111111,4.0,2.0,185527.14595431666
156,1800,1110210,1800006,1110210_1800006,下り,0,0,0,0,2021,4,14,12,9.0,3070.0,3.9,0.0,9.4,100,7.916666666666667,2488,76.27922860586581,13,11,35.75582,35.80615,139.6015138888889,139.5355111111111,4.0,2.0,189782.72077139415
157,1800,1110210,1800006,1110210_1800006,下り,0,0,0,0,2021,4,14,13,6.0,3070.0,3.9,0.0,9.4,100,6.083333333333333,2135,79.21535580524345,13,11,35.75582,35.80615,139.6015138888889,139.5355111111111,4.0,2.0,169124.78464419476
158,1800,1110210,1800006,1110210_1800006,下り,0,0,0,0,2021,4,14,14,5.0,3070.0,3.9,0.0,9.4,100,6.583333333333333,2259,79.42610619469026,13,11,35.75582,35.80615,139.6015138888889,139.5355111111111,4.0,2.0,179423.5738938053
159,1800,1110210,1800006,1110210_1800006,下り,0,0,0,0,2021,4,14,15,3.0,3070.0,3.9,0.0,9.4,100,6.416666666666667,2179,79.69587155963303,13,11,35.75582,35.80615,139.6015138888889,139.5355111111111,4.0,2.0,173657.3041284404
160,1800,1110210,1800006,1110210_1800006,下り,0,0,0,0,2021,4,14,16,0.0,3070.0,3.9,0.0,9.4,100,7.083333333333333,2424,78.24783505154639,13,11,35.75582,35.80615,139.6015138888889,139.5355111111111,4.0,2.0,189672.75216494844
161,1800,1110210,1800006,1110210_1800006,下り,0,0,0,0,2021,4,14,17,1.0,3070.0,3.9,0.0,9.4,100,6.5,2399,78.39958333333334,13,11,35.75582,35.80615,139.6015138888889,139.5355111111111,4.0,2.0,188080.60041666668
162,1800,1110210,1800006,1110210_1800006,下り,0,0,0,0,2021,4,14,18,1.0,3070.0,3.9,0.0,9.4,100,6.333333333333333,2223,75.1636690647482,13,11,35.75582,35.80615,139.6015138888889,139.5355111111111,4.0,2.0,167088.83633093527
163,1800,1110210,1800006,1110210_1800006,下り,0,0,0,0,2021,4,14,19,1.0,3070.0,3.9,0.0,9.4,100,5.0,1759,78.95852272727272,13,11,35.75582,35.80615,139.6015138888889,139.5355111111111,4.0,2.0,138888.04147727272
164,1800,1110210,1800006,1110210_1800006,下り,0,0,0,0,2021,4,14,20,0.0,3070.0,3.9,0.0,9.4,100,3.75,1226,80.6039119804401,13,11,35.75582,35.80615,139.6015138888889,139.5355111111111,4.0,2.0,98820.39608801957
165,1800,1110210,1800006,1110210_1800006,下り,0,0,0,0,2021,4,14,21,10.0,3070.0,3.9,0.0,9.4,100,3.5,1065,80.41932457786116,13,11,35.75582,35.80615,139.6015138888889,139.5355111111111,4.0,2.0,85646.58067542214
166,1800,1110210,1800006,1110210_1800006,下り,0,0,0,0,2021,4,14,22,1.0,3070.0,3.9,0.0,9.4,100,3.083333333333333,789,80.7113924050633,13,11,35.75582,35.80615,139.6015138888889,139.5355111111111,4.0,2.0,63681.288607594935
167,1800,1110210,1800006,1110210_1800006,下り,0,0,0,0,2021,4,14,23,13.0,3070.0,3.9,0.0,9.4,100,2.25,619,82.39354838709677,13,11,35.75582,35.80615,139.6015138888889,139.5355111111111,4.0,2.0,51001.606451612904
168,1800,1110210,1800006,1110210_1800006,下り,0,0,0,0,2021,4,15,0,30.0,2735.0,3.9,0.0,9.4,100,2.083333333333333,503,81.40674603174604,13,11,35.75582,35.80615,139.6015138888889,139.5355111111111,4.0,2.0,40947.593253968254
169,1800,1110210,1800006,1110210_1800006,下り,0,0,0,0,2021,4,15,1,19.0,2735.0,3.9,0.0,9.4,100,1.4166666666666667,370,82.17250673854447,13,11,35.75582,35.80615,139.6015138888889,139.5355111111111,4.0,2.0,30403.827493261455
170,1800,1110210,1800006,1110210_1800006,下り,0,0,0,0,2021,4,15,2,18.0,2735.0,3.9,0.0,9.4,100,1.5,376,81.3368700265252,13,11,35.75582,35.80615,139.6015138888889,139.5355111111111,4.0,2.0,30582.663129973476
171,1800,1110210,1800006,1110210_1800006,下り,0,0,0,0,2021,4,15,3,35.0,2735.0,3.9,0.0,9.4,100,1.75,441,81.96380090497738,13,11,35.75582,35.80615,139.6015138888889,139.5355111111111,4.0,2.0,36146.036199095026
172,1800,1110210,1800006,1110210_1800006,下り,0,0,0,0,2021,4,15,4,18.0,2735.0,3.9,0.0,9.4,100,1.8333333333333333,529,82.63962264150943,13,11,35.75582,35.80615,139.6015138888889,139.5355111111111,4.0,2.0,43716.36037735849
173,1800,1110210,1800006,1110210_1800006,下り,0,0,0,0,2021,4,15,5,30.0,2735.0,3.9,0.0,9.4,100,4.416666666666667,1414,85.23533568904594,13,11,35.75582,35.80615,139.6015138888889,139.5355111111111,4.0,2.0,120522.76466431096
174,1800,1110210,1800006,1110210_1800006,下り,0,0,0,0,2021,4,15,6,49.0,2735.0,3.9,0.0,9.4,100,10.5,3436,73.64794879255165,13,11,35.75582,35.80615,139.6015138888889,139.5355111111111,4.0,2.0,253054.35205120745
175,1800,1110210,1800006,1110210_1800006,下り,0,0,0,0,2021,4,15,7,17.0,2735.0,3.9,0.0,9.4,100,11.333333333333334,3683,70.01275787187839,13,11,35.75582,35.80615,139.6015138888889,139.5355111111111,4.0,2.0,257856.98724212812
176,1800,1110210,1800006,1110210_1800006,下り,0,0,0,0,2021,4,15,8,45.0,2735.0,3.9,0.0,9.4,100,9.833333333333334,3422,75.89950335962605,13,11,35.75582,35.80615,139.6015138888889,139.5355111111111,4.0,2.0,259728.10049664034
177,1800,1110210,1800006,1110210_1800006,下り,0,0,0,0,2021,4,15,9,32.0,2735.0,3.9,0.0,9.4,100,9.5,3200,77.51640112464855,13,11,35.75582,35.80615,139.6015138888889,139.5355111111111,4.0,2.0,248052.48359887538
178,1800,1110210,1800006,1110210_1800006,下り,0,0,0,0,2021,4,15,10,21.0,2735.0,3.9,0.0,9.4,100,8.833333333333334,2945,77.65241004752207,13,11,35.75582,35.80615,139.6015138888889,139.5355111111111,4.0,2.0,228686.3475899525
179,1800,1110210,1800006,1110210_1800006,下り,0,0,0,0,2021,4,15,11,8.0,2735.0,3.9,0.0,9.4,100,8.916666666666666,2830,78.53726598375133,13,11,35.75582,35.80615,139.6015138888889,139.5355111111111,4.0,2.0,222260.46273401624
180,1800,1110210,1800006,1110210_1800006,下り,0,0,0,0,2021,4,15,12,11.0,2735.0,3.9,0.0,9.4,100,8.416666666666666,2758,78.89162740123233,13,11,35.75582,35.80615,139.6015138888889,139.5355111111111,4.0,2.0,217583.10837259877
181,1800,1110210,1800006,1110210_1800006,下り,0,0,0,0,2021,4,15,13,4.0,2735.0,3.9,0.0,9.4,100,6.666666666666667,2297,81.60835509138381,13,11,35.75582,35.80615,139.6015138888889,139.5355111111111,4.0,2.0,187454.3916449086
182,1800,1110210,1800006,1110210_1800006,下り,0,0,0,0,2021,4,15,14,2.0,2735.0,3.9,0.0,9.4,100,6.583333333333333,2193,81.03190519598905,13,11,35.75582,35.80615,139.6015138888889,139.5355111111111,4.0,2.0,177702.968094804
183,1800,1110210,1800006,1110210_1800006,下り,0,0,0,0,2021,4,15,15,4.0,2735.0,3.9,0.0,9.4,100,6.75,2365,81.20245139475908,13,11,35.75582,35.80615,139.6015138888889,139.5355111111111,4.0,2.0,192043.79754860522
184,1800,1110210,1800006,1110210_1800006,下り,0,0,0,0,2021,4,15,16,8.0,2735.0,3.9,0.0,9.4,100,6.75,2359,81.77415254237287,13,11,35.75582,35.80615,139.6015138888889,139.5355111111111,4.0,2.0,192905.22584745762
185,1800,1110210,1800006,1110210_1800006,下り,0,0,0,0,2021,4,15,17,5.0,2735.0,3.9,0.0,9.4,100,7.416666666666667,2725,79.91269258987528,13,11,35.75582,35.80615,139.6015138888889,139.5355111111111,4.0,2.0,217762.08730741014
186,1800,1110210,1800006,1110210_1800006,下り,0,0,0,0,2021,4,15,18,4.0,2735.0,3.9,0.0,9.4,100,6.25,2404,80.41663201663202,13,11,35.75582,35.80615,139.6015138888889,139.5355111111111,4.0,2.0,193321.58336798337
187,1800,1110210,1800006,1110210_1800006,下り,0,0,0,0,2021,4,15,19,5.0,2735.0,3.9,0.0,9.4,100,5.916666666666667,2079,79.08990384615385,13,11,35.75582,35.80615,139.6015138888889,139.5355111111111,4.0,2.0,164427.91009615385
188,1800,1110210,1800006,1110210_1800006,下り,0,0,0,0,2021,4,15,20,15.0,2735.0,3.9,0.0,9.4,100,4.0,1370,84.51932895696572,13,11,35.75582,35.80615,139.6015138888889,139.5355111111111,4.0,2.0,115791.48067104304
189,1800,1110210,1800006,1110210_1800006,下り,0,0,0,0,2021,4,15,21,6.0,2735.0,3.9,0.0,9.4,100,3.6666666666666665,1232,83.68937550689375,13,11,35.75582,35.80615,139.6015138888889,139.5355111111111,4.0,2.0,103105.31062449311
190,1800,1110210,1800006,1110210_1800006,下り,0,0,0,0,2021,4,15,22,4.0,2735.0,3.9,0.0,9.4,100,2.833333333333333,815,83.20343137254902,13,11,35.75582,35.80615,139.6015138888889,139.5355111111111,4.0,2.0,67810.79656862745
191,1800,1110210,1800006,1110210_1800006,下り,0,0,0,0,2021,4,15,23,3.0,2735.0,3.9,0.0,9.4,100,2.083333333333333,585,83.6382252559727,13,11,35.75582,35.80615,139.6015138888889,139.5355111111111,4.0,2.0,48928.36177474403
192,1800,1110210,1800006,1110210_1800006,下り,0,0,0,1,2021,4,16,0,19.0,2856.0,3.9,0.0,9.4,100,2.0,524,82.42285714285714,13,11,35.75582,35.80615,139.6015138888889,139.5355111111111,4.0,2.0,43189.57714285714
193,1800,1110210,1800006,1110210_1800006,下り,0,0,0,1,2021,4,16,1,6.0,2856.0,3.9,0.0,9.4,100,1.6666666666666667,444,82.74606741573034,13,11,35.75582,35.80615,139.6015138888889,139.5355111111111,4.0,2.0,36739.253932584266
194,1800,1110210,1800006,1110210_1800006,下り,0,0,0,1,2021,4,16,2,13.0,2856.0,3.9,0.0,9.4,100,1.75,421,81.72274881516587,13,11,35.75582,35.80615,139.6015138888889,139.5355111111111,4.0,2.0,34405.27725118483
195,1800,1110210,1800006,1110210_1800006,下り,0,0,0,1,2021,4,16,3,38.0,2856.0,3.9,0.0,9.4,100,2.0,484,82.26804123711341,13,11,35.75582,35.80615,139.6015138888889,139.5355111111111,4.0,2.0,39817.73195876289
196,1800,1110210,1800006,1110210_1800006,下り,0,0,0,1,2021,4,16,4,51.0,2856.0,3.9,0.0,9.4,100,2.25,610,82.35842880523731,13,11,35.75582,35.80615,139.6015138888889,139.5355111111111,4.0,2.0,50238.641571194756
197,1800,1110210,1800006,1110210_1800006,下り,0,0,0,1,2021,4,16,5,39.0,2856.0,3.9,0.0,9.4,100,4.75,1538,86.21572449642625,13,11,35.75582,35.80615,139.6015138888889,139.5355111111111,4.0,2.0,132599.78427550357
198,1800,1110210,1800006,1110210_1800006,下り,0,0,0,1,2021,4,16,6,58.0,2856.0,3.9,0.0,9.4,100,11.0,3476,72.22174288179465,13,11,35.75582,35.80615,139.6015138888889,139.5355111111111,4.0,2.0,251042.77825711822
199,1800,1110210,1800006,1110210_1800006,下り,0,0,0,1,2021,4,16,7,66.0,2856.0,3.9,0.0,9.4,100,11.666666666666666,3626,68.05541770057899,13,11,35.75582,35.80615,139.6015138888889,139.5355111111111,4.0,2.0,246768.9445822994
200,1800,1110210,1800006,1110210_1800006,下り,0,0,0,1,2021,4,16,8,77.0,2856.0,3.9,0.0,9.4,100,10.083333333333334,3361,73.92682926829268,13,11,35.75582,35.80615,139.6015138888889,139.5355111111111,4.0,2.0,248468.0731707317
201,1800,1110210,1800006,1110210_1800006,下り,0,0,0,1,2021,4,16,9,50.0,2856.0,3.9,0.0,9.4,100,9.833333333333334,3211,75.47073474470734,13,11,35.75582,35.80615,139.6015138888889,139.5355111111111,4.0,2.0,242336.5292652553
202,1800,1110210,1800006,1110210_1800006,下り,0,0,0,1,2021,4,16,10,41.0,2856.0,3.9,0.0,9.4,100,10.166666666666666,3223,75.72735732009926,13,11,35.75582,35.80615,139.6015138888889,139.5355111111111,4.0,2.0,244069.27264267992
203,1800,1110210,1800006,1110210_1800006,下り,0,0,0,1,2021,4,16,11,15.0,2856.0,3.9,0.0,9.4,100,9.0,2928,77.68692386480028,13,11,35.75582,35.80615,139.6015138888889,139.5355111111111,4.0,2.0,227467.3130761352
204,1800,1110210,1800006,1110210_1800006,下り,0,0,0,1,2021,4,16,12,28.0,2856.0,3.9,0.0,9.4,100,8.666666666666666,2798,77.9103251161129,13,11,35.75582,35.80615,139.6015138888889,139.5355111111111,4.0,2.0,217993.0896748839
205,1800,1110210,1800006,1110210_1800006,下り,0,0,0,1,2021,4,16,13,15.0,2856.0,3.9,0.0,9.4,100,6.666666666666667,2341,81.56874466268147,13,11,35.75582,35.80615,139.6015138888889,139.5355111111111,4.0,2.0,190952.43125533732
206,1800,1110210,1800006,1110210_1800006,下り,0,0,0,1,2021,4,16,14,18.0,2856.0,3.9,0.0,9.4,100,7.25,2470,79.92917847025495,13,11,35.75582,35.80615,139.6015138888889,139.5355111111111,4.0,2.0,197425.07082152975
207,1800,1110210,1800006,1110210_1800006,下り,0,0,0,1,2021,4,16,15,14.0,2856.0,3.9,0.0,9.4,100,7.25,2486,80.07478890229191,13,11,35.75582,35.80615,139.6015138888889,139.5355111111111,4.0,2.0,199065.9252110977
208,1800,1110210,1800006,1110210_1800006,下り,0,0,0,1,2021,4,16,16,3.0,2856.0,3.9,0.0,9.4,100,7.25,2616,79.21436759648452,13,11,35.75582,35.80615,139.6015138888889,139.5355111111111,4.0,2.0,207224.7856324035
209,1800,1110210,1800006,1110210_1800006,下り,0,0,0,1,2021,4,16,17,8.0,2856.0,3.9,0.0,9.4,100,7.75,2785,75.7964824120603,13,11,35.75582,35.80615,139.6015138888889,139.5355111111111,4.0,2.0,211093.20351758794
210,1800,1110210,1800006,1110210_1800006,下り,0,0,0,1,2021,4,16,18,12.0,2856.0,3.9,0.0,9.4,100,7.5,2722,76.59309585016526,13,11,35.75582,35.80615,139.6015138888889,139.5355111111111,4.0,2.0,208486.40690414983
211,1800,1110210,1800006,1110210_1800006,下り,0,0,0,1,2021,4,16,19,21.0,2856.0,3.9,0.0,9.4,100,6.666666666666667,2345,78.25149190110827,13,11,35.75582,35.80615,139.6015138888889,139.5355111111111,4.0,2.0,183499.74850809888
212,1800,1110210,1800006,1110210_1800006,下り,0,0,0,1,2021,4,16,20,18.0,2856.0,3.9,0.0,9.4,100,5.416666666666667,1891,81.45930232558139,13,11,35.75582,35.80615,139.6015138888889,139.5355111111111,4.0,2.0,154039.5406976744
213,1800,1110210,1800006,1110210_1800006,下り,0,0,0,1,2021,4,16,21,9.0,2856.0,3.9,0.0,9.4,100,4.333333333333333,1457,83.61111111111111,13,11,35.75582,35.80615,139.6015138888889,139.5355111111111,4.0,2.0,121821.38888888889
214,1800,1110210,1800006,1110210_1800006,下り,0,0,0,1,2021,4,16,22,30.0,2856.0,3.9,0.0,9.4,100,3.583333333333333,1111,83.49280575539568,13,11,35.75582,35.80615,139.6015138888889,139.5355111111111,4.0,2.0,92760.5071942446
215,1800,1110210,1800006,1110210_1800006,下り,0,0,0,1,2021,4,16,23,27.0,2856.0,3.9,0.0,9.4,100,2.6666666666666665,798,83.9712140175219,13,11,35.75582,35.80615,139.6015138888889,139.5355111111111,4.0,2.0,67009.02878598247
216,1800,1110210,1800006,1110210_1800006,下り,0,1,0,1,2021,4,17,0,33.0,2996.0,3.9,0.0,9.4,100,2.333333333333333,603,83.06953642384106,13,11,35.75582,35.80615,139.6015138888889,139.5355111111111,4.0,2.0,50090.93046357616
217,1800,1110210,1800006,1110210_1800006,下り,0,1,0,1,2021,4,17,1,13.0,2996.0,3.9,0.0,9.4,100,1.5833333333333333,463,84.13793103448276,13,11,35.75582,35.80615,139.6015138888889,139.5355111111111,4.0,2.0,38955.86206896552
218,1800,1110210,1800006,1110210_1800006,下り,0,1,0,1,2021,4,17,2,10.0,2996.0,3.9,0.0,9.4,100,1.4166666666666667,413,83.3840579710145,13,11,35.75582,35.80615,139.6015138888889,139.5355111111111,4.0,2.0,34437.61594202899
219,1800,1110210,1800006,1110210_1800006,下り,0,1,0,1,2021,4,17,3,38.0,2996.0,3.9,0.0,9.4,100,1.5833333333333333,448,84.83964365256125,13,11,35.75582,35.80615,139.6015138888889,139.5355111111111,4.0,2.0,38008.16035634744
220,1800,1110210,1800006,1110210_1800006,下り,0,1,0,1,2021,4,17,4,81.0,2996.0,3.9,0.0,9.4,100,2.083333333333333,657,87.58662613981762,13,11,35.75582,35.80615,139.6015138888889,139.5355111111111,4.0,2.0,57544.41337386018
221,1800,1110210,1800006,1110210_1800006,下り,0,1,0,1,2021,4,17,5,119.0,2996.0,3.9,0.0,9.4,100,4.166666666666667,1579,88.26139240506329,13,11,35.75582,35.80615,139.6015138888889,139.5355111111111,4.0,2.0,139364.73860759495
222,1800,1110210,1800006,1110210_1800006,下り,0,1,0,1,2021,4,17,6,121.0,2996.0,3.9,0.0,9.4,100,7.583333333333333,2785,80.81155778894473,13,11,35.75582,35.80615,139.6015138888889,139.5355111111111,4.0,2.0,225060.18844221105
223,1800,1110210,1800006,1110210_1800006,下り,0,1,0,1,2021,4,17,7,154.0,2996.0,3.9,0.0,9.4,100,7.916666666666667,2860,78.0489339391821,13,11,35.75582,35.80615,139.6015138888889,139.5355111111111,4.0,2.0,223219.95106606084
224,1800,1110210,1800006,1110210_1800006,下り,0,1,0,1,2021,4,17,8,135.0,2996.0,3.9,0.0,9.4,100,6.833333333333333,2509,79.7191235059761,13,11,35.75582,35.80615,139.6015138888889,139.5355111111111,4.0,2.0,200015.28087649404
225,1800,1110210,1800006,1110210_1800006,下り,0,1,0,1,2021,4,17,9,172.0,2996.0,3.9,0.0,9.4,100,7.75,2742,78.16915785636165,13,11,35.75582,35.80615,139.6015138888889,139.5355111111111,4.0,2.0,214339.83084214365
226,1800,1110210,1800006,1110210_1800006,下り,0,1,0,1,2021,4,17,10,125.0,2996.0,3.9,0.0,9.4,100,8.166666666666666,2803,76.179029957204,13,11,35.75582,35.80615,139.6015138888889,139.5355111111111,4.0,2.0,213529.82097004278
227,1800,1110210,1800006,1110210_1800006,下り,0,1,0,1,2021,4,17,11,57.0,2996.0,3.9,0.0,9.4,100,7.75,2754,78.32450090744102,13,11,35.75582,35.80615,139.6015138888889,139.5355111111111,4.0,2.0,215705.67549909258
228,1800,1110210,1800006,1110210_1800006,下り,0,1,0,1,2021,4,17,12,41.0,2996.0,3.9,0.0,9.4,100,6.583333333333333,2521,81.86478984932593,13,11,35.75582,35.80615,139.6015138888889,139.5355111111111,4.0,2.0,206381.13521015068
229,1800,1110210,1800006,1110210_1800006,下り,0,1,0,1,2021,4,17,13,32.0,2996.0,3.9,0.0,9.4,100,6.0,2287,82.1791958041958,13,11,35.75582,35.80615,139.6015138888889,139.5355111111111,4.0,2.0,187943.8208041958
230,1800,1110210,1800006,1110210_1800006,下り,0,1,0,1,2021,4,17,14,29.0,2996.0,3.9,0.0,9.4,100,5.666666666666667,2124,80.528,13,11,35.75582,35.80615,139.6015138888889,139.5355111111111,4.0,2.0,171041.472
231,1800,1110210,1800006,1110210_1800006,下り,0,1,0,1,2021,4,17,15,20.0,2996.0,3.9,0.0,9.4,100,5.666666666666667,2165,82.37857802400738,13,11,35.75582,35.80615,139.6015138888889,139.5355111111111,4.0,2.0,178349.621421976
232,1800,1110210,1800006,1110210_1800006,下り,0,1,0,1,2021,4,17,16,32.0,2996.0,3.9,0.0,9.4,100,5.916666666666667,2236,81.6092981671882,13,11,35.75582,35.80615,139.6015138888889,139.5355111111111,4.0,2.0,182478.3907018328
233,1800,1110210,1800006,1110210_1800006,下り,0,1,0,1,2021,4,17,17,17.0,2996.0,3.9,0.0,9.4,100,5.666666666666667,2275,81.8725834797891,13,11,35.75582,35.80615,139.6015138888889,139.5355111111111,4.0,2.0,186260.1274165202
234,1800,1110210,1800006,1110210_1800006,下り,0,1,0,1,2021,4,17,18,8.0,2996.0,3.9,0.0,9.4,100,5.25,2068,80.8796520057999,13,11,35.75582,35.80615,139.6015138888889,139.5355111111111,4.0,2.0,167259.12034799418
235,1800,1110210,1800006,1110210_1800006,下り,0,1,0,1,2021,4,17,19,31.0,2996.0,3.9,0.0,9.4,100,3.8333333333333335,1464,81.91331058020478,13,11,35.75582,35.80615,139.6015138888889,139.5355111111111,4.0,2.0,119921.0866894198
236,1800,1110210,1800006,1110210_1800006,下り,0,1,0,1,2021,4,17,20,17.0,2996.0,3.9,0.0,9.4,100,3.333333333333333,1266,82.79794790844515,13,11,35.75582,35.80615,139.6015138888889,139.5355111111111,4.0,2.0,104822.20205209157
237,1800,1110210,1800006,1110210_1800006,下り,0,1,0,1,2021,4,17,21,18.0,2996.0,3.9,0.0,9.4,100,2.9166666666666665,1023,81.8515625,13,11,35.75582,35.80615,139.6015138888889,139.5355111111111,4.0,2.0,83734.1484375
238,1800,1110210,1800006,1110210_1800006,下り,0,1,0,1,2021,4,17,22,14.0,2996.0,3.9,0.0,9.4,100,2.4166666666666665,751,79.59042553191489,13,11,35.75582,35.80615,139.6015138888889,139.5355111111111,4.0,2.0,59772.40957446808
239,1800,1110210,1800006,1110210_1800006,下り,0,1,0,1,2021,4,17,23,9.0,2996.0,3.9,0.0,9.4,100,1.75,491,79.22967479674797,13,11,35.75582,35.80615,139.6015138888889,139.5355111111111,4.0,2.0,38901.77032520325
240,1800,1110210,1800006,1110210_1800006,下り,0,1,1,0,2021,4,18,0,37.0,3205.0,3.9,0.0,9.4,100,1.3333333333333333,406,80.14496314496314,13,11,35.75582,35.80615,139.6015138888889,139.5355111111111,4.0,2.0,32538.855036855035
241,1800,1110210,1800006,1110210_1800006,下り,0,1,1,0,2021,4,18,1,22.0,3205.0,3.9,0.0,9.4,100,0.9166666666666666,311,82.83653846153847,13,11,35.75582,35.80615,139.6015138888889,139.5355111111111,4.0,2.0,25762.163461538465
242,1800,1110210,1800006,1110210_1800006,下り,0,1,1,0,2021,4,18,2,15.0,3205.0,3.9,0.0,9.4,100,1.0,240,82.41908713692946,13,11,35.75582,35.80615,139.6015138888889,139.5355111111111,4.0,2.0,19780.58091286307
243,1800,1110210,1800006,1110210_1800006,下り,0,1,1,0,2021,4,18,3,42.0,3205.0,3.9,0.0,9.4,100,1.0,327,86.41768292682927,13,11,35.75582,35.80615,139.6015138888889,139.5355111111111,4.0,2.0,28258.58231707317
244,1800,1110210,1800006,1110210_1800006,下り,0,1,1,0,2021,4,18,4,62.0,3205.0,3.9,0.0,9.4,100,1.5,529,88.50754716981132,13,11,35.75582,35.80615,139.6015138888889,139.5355111111111,4.0,2.0,46820.492452830185
245,1800,1110210,1800006,1110210_1800006,下り,0,1,1,0,2021,4,18,5,88.0,3205.0,3.9,0.0,9.4,100,3.6666666666666665,1499,90.05333333333333,13,11,35.75582,35.80615,139.6015138888889,139.5355111111111,4.0,2.0,134989.94666666666
246,1800,1110210,1800006,1110210_1800006,下り,0,1,1,0,2021,4,18,6,107.0,3205.0,3.9,0.0,9.4,100,7.416666666666667,2944,82.58404074702887,13,11,35.75582,35.80615,139.6015138888889,139.5355111111111,4.0,2.0,243127.41595925298
247,1800,1110210,1800006,1110210_1800006,下り,0,1,1,0,2021,4,18,7,150.0,3205.0,3.9,0.0,9.4,100,6.75,2768,83.36583604189238,13,11,35.75582,35.80615,139.6015138888889,139.5355111111111,4.0,2.0,230756.6341639581
248,1800,1110210,1800006,1110210_1800006,下り,0,1,1,0,2021,4,18,8,85.0,3205.0,3.9,0.0,9.4,100,5.916666666666667,2484,83.5923541247485,13,11,35.75582,35.80615,139.6015138888889,139.5355111111111,4.0,2.0,207643.40764587527
249,1800,1110210,1800006,1110210_1800006,下り,0,1,1,0,2021,4,18,9,93.0,3205.0,3.9,0.0,9.4,100,6.5,2704,82.6547134935305,13,11,35.75582,35.80615,139.6015138888889,139.5355111111111,4.0,2.0,223498.34528650646
250,1800,1110210,1800006,1110210_1800006,下り,0,1,1,0,2021,4,18,10,156.0,3205.0,3.9,0.0,9.4,100,6.166666666666667,2580,83.92018597442852,13,11,35.75582,35.80615,139.6015138888889,139.5355111111111,4.0,2.0,216514.07981402558
251,1800,1110210,1800006,1110210_1800006,下り,0,1,1,0,2021,4,18,11,29.0,3205.0,3.9,0.0,9.4,100,5.833333333333333,2398,84.32555231346394,13,11,35.75582,35.80615,139.6015138888889,139.5355111111111,4.0,2.0,202212.67444768653
252,1800,1110210,1800006,1110210_1800006,下り,0,1,1,0,2021,4,18,12,26.0,3205.0,3.9,0.0,9.4,100,4.833333333333333,2068,86.78443692605123,13,11,35.75582,35.80615,139.6015138888889,139.5355111111111,4.0,2.0,179470.21556307393
253,1800,1110210,1800006,1110210_1800006,下り,0,1,1,0,2021,4,18,13,18.0,3205.0,3.9,0.0,9.4,100,4.25,1852,88.32002158661629,13,11,35.75582,35.80615,139.6015138888889,139.5355111111111,4.0,2.0,163568.67997841336
254,1800,1110210,1800006,1110210_1800006,下り,0,1,1,0,2021,4,18,14,16.0,3205.0,3.9,0.0,9.4,100,4.166666666666667,1651,87.12893462469734,13,11,35.75582,35.80615,139.6015138888889,139.5355111111111,4.0,2.0,143849.8710653753
255,1800,1110210,1800006,1110210_1800006,下り,0,1,1,0,2021,4,18,15,14.0,3205.0,3.9,0.0,9.4,100,3.6666666666666665,1588,88.21397105097546,13,11,35.75582,35.80615,139.6015138888889,139.5355111111111,4.0,2.0,140083.78602894902
256,1800,1110210,1800006,1110210_1800006,下り,0,1,1,0,2021,4,18,16,6.0,3205.0,3.9,0.0,9.4,100,3.9166666666666665,1678,86.82846932698034,13,11,35.75582,35.80615,139.6015138888889,139.5355111111111,4.0,2.0,145698.17153067302
257,1800,1110210,1800006,1110210_1800006,下り,0,1,1,0,2021,4,18,17,13.0,3205.0,3.9,0.0,9.4,100,4.0,1649,87.32363636363637,13,11,35.75582,35.80615,139.6015138888889,139.5355111111111,4.0,2.0,143996.67636363636
258,1800,1110210,1800006,1110210_1800006,下り,0,1,1,0,2021,4,18,18,6.0,3205.0,3.9,0.0,9.4,100,3.6666666666666665,1498,85.9332888592395,13,11,35.75582,35.80615,139.6015138888889,139.5355111111111,4.0,2.0,128728.06671114077
259,1800,1110210,1800006,1110210_1800006,下り,0,1,1,0,2021,4,18,19,12.0,3205.0,3.9,0.0,9.4,100,3.5,1398,84.06790564689064,13,11,35.75582,35.80615,139.6015138888889,139.5355111111111,4.0,2.0,117526.9320943531
260,1800,1110210,1800006,1110210_1800006,下り,0,1,1,0,2021,4,18,20,14.0,3205.0,3.9,0.0,9.4,100,3.4166666666666665,1371,83.59475218658892,13,11,35.75582,35.80615,139.6015138888889,139.5355111111111,4.0,2.0,114608.40524781341
261,1800,1110210,1800006,1110210_1800006,下り,0,1,1,0,2021,4,18,21,14.0,3205.0,3.9,0.0,9.4,100,3.333333333333333,1233,83.68557536466774,13,11,35.75582,35.80615,139.6015138888889,139.5355111111111,4.0,2.0,103184.31442463532
262,1800,1110210,1800006,1110210_1800006,下り,0,1,1,0,2021,4,18,22,10.0,3205.0,3.9,0.0,9.4,100,2.25,900,85.58379578246392,13,11,35.75582,35.80615,139.6015138888889,139.5355111111111,4.0,2.0,77025.41620421753
263,1800,1110210,1800006,1110210_1800006,下り,0,1,1,0,2021,4,18,23,4.0,3205.0,3.9,0.0,9.4,100,1.9166666666666667,595,84.73657718120805,13,11,35.75582,35.80615,139.6015138888889,139.5355111111111,4.0,2.0,50418.26342281879
264,1800,1110210,1800006,1110210_1800006,下り,0,0,1,0,2021,4,19,0,28.0,3172.0,3.9,0.0,9.4,100,1.5,447,83.02232142857143,13,11,35.75582,35.80615,139.6015138888889,139.5355111111111,4.0,2.0,37110.97767857143
265,1800,1110210,1800006,1110210_1800006,下り,0,0,1,0,2021,4,19,1,11.0,3172.0,3.9,0.0,9.4,100,1.0833333333333333,326,83.86544342507645,13,11,35.75582,35.80615,139.6015138888889,139.5355111111111,4.0,2.0,27340.13455657492
266,1800,1110210,1800006,1110210_1800006,下り,0,0,1,0,2021,4,19,2,10.0,3172.0,3.9,0.0,9.4,100,1.0,301,81.27814569536424,13,11,35.75582,35.80615,139.6015138888889,139.5355111111111,4.0,2.0,24464.721854304637
267,1800,1110210,1800006,1110210_1800006,下り,0,0,1,0,2021,4,19,3,33.0,3172.0,3.9,0.0,9.4,100,1.1666666666666667,375,82.70744680851064,13,11,35.75582,35.80615,139.6015138888889,139.5355111111111,4.0,2.0,31015.292553191488
268,1800,1110210,1800006,1110210_1800006,下り,0,0,1,0,2021,4,19,4,14.0,3172.0,3.9,0.0,9.4,100,1.8333333333333333,505,84.19565217391305,13,11,35.75582,35.80615,139.6015138888889,139.5355111111111,4.0,2.0,42518.80434782609
269,1800,1110210,1800006,1110210_1800006,下り,0,0,1,0,2021,4,19,5,28.0,3172.0,3.9,0.0,9.4,100,4.5,1547,85.77713178294573,13,11,35.75582,35.80615,139.6015138888889,139.5355111111111,4.0,2.0,132697.22286821704
270,1800,1110210,1800006,1110210_1800006,下り,0,0,1,0,2021,4,19,6,26.0,3172.0,3.9,0.0,9.4,100,9.416666666666666,3297,77.83141297756215,13,11,35.75582,35.80615,139.6015138888889,139.5355111111111,4.0,2.0,256610.1685870224
271,1800,1110210,1800006,1110210_1800006,下り,0,0,1,0,2021,4,19,7,46.0,3172.0,3.9,0.0,9.4,100,9.5,3318,75.1388972582103,13,11,35.75582,35.80615,139.6015138888889,139.5355111111111,4.0,2.0,249310.8611027418
272,1800,1110210,1800006,1110210_1800006,下り,0,0,1,0,2021,4,19,8,50.0,3172.0,3.9,0.0,9.4,100,8.333333333333334,2965,79.20262980445044,13,11,35.75582,35.80615,139.6015138888889,139.5355111111111,4.0,2.0,234835.79737019556
273,1800,1110210,1800006,1110210_1800006,下り,0,0,1,0,2021,4,19,9,69.0,3172.0,3.9,0.0,9.4,100,8.5,2810,78.67449306296692,13,11,35.75582,35.80615,139.6015138888889,139.5355111111111,4.0,2.0,221075.32550693705
274,1800,1110210,1800006,1110210_1800006,下り,0,0,1,0,2021,4,19,10,52.0,3172.0,3.9,0.0,9.4,100,9.916666666666666,2762,68.8729641693811,13,11,35.75582,35.80615,139.6015138888889,139.5355111111111,4.0,2.0,190227.1270358306
275,1800,1110210,1800006,1110210_1800006,下り,0,0,1,0,2021,4,19,11,28.0,3172.0,3.9,0.0,9.4,100,9.083333333333334,2792,74.66129609738633,13,11,35.75582,35.80615,139.6015138888889,139.5355111111111,4.0,2.0,208454.3387039026
276,1800,1110210,1800006,1110210_1800006,下り,0,0,1,0,2021,4,19,12,28.0,3172.0,3.9,0.0,9.4,100,7.75,2520,77.65608885362951,13,11,35.75582,35.80615,139.6015138888889,139.5355111111111,4.0,2.0,195693.34391114637
277,1800,1110210,1800006,1110210_1800006,下り,0,0,1,0,2021,4,19,13,9.0,3172.0,3.9,0.0,9.4,100,6.333333333333333,2225,80.32030548068283,13,11,35.75582,35.80615,139.6015138888889,139.5355111111111,4.0,2.0,178712.6796945193
278,1800,1110210,1800006,1110210_1800006,下り,0,0,1,0,2021,4,19,14,10.0,3172.0,3.9,0.0,9.4,100,6.166666666666667,2158,80.09170912459471,13,11,35.75582,35.80615,139.6015138888889,139.5355111111111,4.0,2.0,172837.9082908754
279,1800,1110210,1800006,1110210_1800006,下り,0,0,1,0,2021,4,19,15,12.0,3172.0,3.9,0.0,9.4,100,6.25,2229,81.36547085201794,13,11,35.75582,35.80615,139.6015138888889,139.5355111111111,4.0,2.0,181363.63452914797
280,1800,1110210,1800006,1110210_1800006,下り,0,0,1,0,2021,4,19,16,16.0,3172.0,3.9,0.0,9.4,100,6.583333333333333,2340,81.43186672362238,13,11,35.75582,35.80615,139.6015138888889,139.5355111111111,4.0,2.0,190550.56813327636
281,1800,1110210,1800006,1110210_1800006,下り,0,0,1,0,2021,4,19,17,11.0,3172.0,3.9,0.0,9.4,100,6.833333333333333,2639,81.55606060606061,13,11,35.75582,35.80615,139.6015138888889,139.5355111111111,4.0,2.0,215226.44393939397
282,1800,1110210,1800006,1110210_1800006,下り,0,0,1,0,2021,4,19,18,5.0,3172.0,3.9,0.0,9.4,100,6.083333333333333,2347,82.27768313458262,13,11,35.75582,35.80615,139.6015138888889,139.5355111111111,4.0,2.0,193105.7223168654
283,1800,1110210,1800006,1110210_1800006,下り,0,0,1,0,2021,4,19,19,6.0,3172.0,3.9,0.0,9.4,100,6.083333333333333,2145,79.3695246971109,13,11,35.75582,35.80615,139.6015138888889,139.5355111111111,4.0,2.0,170247.6304753029
284,1800,1110210,1800006,1110210_1800006,下り,0,0,1,0,2021,4,19,20,10.0,3172.0,3.9,0.0,9.4,100,3.8333333333333335,1360,84.03379867744306,13,11,35.75582,35.80615,139.6015138888889,139.5355111111111,4.0,2.0,114285.96620132256
285,1800,1110210,1800006,1110210_1800006,下り,0,0,1,0,2021,4,19,21,14.0,3172.0,3.9,0.0,9.4,100,3.25,1068,82.75958840037418,13,11,35.75582,35.80615,139.6015138888889,139.5355111111111,4.0,2.0,88387.24041159963
286,1800,1110210,1800006,1110210_1800006,下り,0,0,1,0,2021,4,19,22,4.0,3172.0,3.9,0.0,9.4,100,2.9166666666666665,811,83.54802955665025,13,11,35.75582,35.80615,139.6015138888889,139.5355111111111,4.0,2.0,67757.45197044335
287,1800,1110210,1800006,1110210_1800006,下り,0,0,1,0,2021,4,19,23,5.0,3172.0,3.9,0.0,9.4,100,2.4166666666666665,644,83.24961240310077,13,11,35.75582,35.80615,139.6015138888889,139.5355111111111,4.0,2.0,53612.7503875969
288,1800,1110210,1800006,1110210_1800006,下り,0,0,0,0,2021,4,20,0,19.0,3406.0,3.9,0.0,9.4,100,2.083333333333333,550,82.27041742286751,13,11,35.75582,35.80615,139.6015138888889,139.5355111111111,4.0,2.0,45248.72958257713
289,1800,1110210,1800006,1110210_1800006,下り,0,0,0,0,2021,4,20,1,20.0,3406.0,3.9,0.0,9.4,100,1.75,433,82.32718894009217,13,11,35.75582,35.80615,139.6015138888889,139.5355111111111,4.0,2.0,35647.67281105991
290,1800,1110210,1800006,1110210_1800006,下り,0,0,0,0,2021,4,20,2,9.0,3406.0,3.9,0.0,9.4,100,1.5,387,81.19329896907216,13,11,35.75582,35.80615,139.6015138888889,139.5355111111111,4.0,2.0,31421.806701030924
291,1800,1110210,1800006,1110210_1800006,下り,0,0,0,0,2021,4,20,3,45.0,3406.0,3.9,0.0,9.4,100,1.75,456,81.7308533916849,13,11,35.75582,35.80615,139.6015138888889,139.5355111111111,4.0,2.0,37269.26914660831
292,1800,1110210,1800006,1110210_1800006,下り,0,0,0,0,2021,4,20,4,42.0,3406.0,3.9,0.0,9.4,100,1.8333333333333333,545,84.18498168498168,13,11,35.75582,35.80615,139.6015138888889,139.5355111111111,4.0,2.0,45880.815018315014
293,1800,1110210,1800006,1110210_1800006,下り,0,0,0,0,2021,4,20,5,33.0,3406.0,3.9,0.0,9.4,100,4.25,1438,85.65392633773453,13,11,35.75582,35.80615,139.6015138888889,139.5355111111111,4.0,2.0,123170.34607366225
294,1800,1110210,1800006,1110210_1800006,下り,0,0,0,0,2021,4,20,6,68.0,3406.0,3.9,0.0,9.4,100,10.666666666666666,3407,71.80633802816901,13,11,35.75582,35.80615,139.6015138888889,139.5355111111111,4.0,2.0,244644.1936619718
295,1800,1110210,1800006,1110210_1800006,下り,0,0,0,0,2021,4,20,7,50.0,3406.0,3.9,0.0,9.4,100,10.666666666666666,3621,72.6043622308117,13,11,35.75582,35.80615,139.6015138888889,139.5355111111111,4.0,2.0,262900.3956377692
296,1800,1110210,1800006,1110210_1800006,下り,0,0,0,0,2021,4,20,8,26.0,3406.0,3.9,0.0,9.4,100,10.0,3427,74.37193698949825,13,11,35.75582,35.80615,139.6015138888889,139.5355111111111,4.0,2.0,254872.62806301052
297,1800,1110210,1800006,1110210_1800006,下り,0,0,0,0,2021,4,20,9,46.0,3406.0,3.9,0.0,9.4,100,9.666666666666666,3233,76.80890538033395,13,11,35.75582,35.80615,139.6015138888889,139.5355111111111,4.0,2.0,248323.19109461966
298,1800,1110210,1800006,1110210_1800006,下り,0,0,0,0,2021,4,20,10,36.0,3406.0,3.9,0.0,9.4,100,9.583333333333334,3128,78.07861936720997,13,11,35.75582,35.80615,139.6015138888889,139.5355111111111,4.0,2.0,244229.9213806328
299,1800,1110210,1800006,1110210_1800006,下り,0,0,0,0,2021,4,20,11,27.0,3406.0,3.9,0.0,9.4,100,9.0,2994,79.19398998330551,13,11,35.75582,35.80615,139.6015138888889,139.5355111111111,4.0,2.0,237106.8060100167
